Date,Name,Year,Letterboxd URI
2023-07-22,A Haunting in Venice,2023,https://boxd.it/zGdg
2023-07-22,Ad Astra,2019,https://boxd.it/ePzI
2023-07-22,Glass Onion,2022,https://boxd.it/oCkK
2023-07-27,Gerald's Game,2017,https://boxd.it/buKa
2023-07-29,Halloween,2018,https://boxd.it/f0uE
2023-07-29,Scott Pilgrim vs. the World,2010,https://boxd.it/1Aq6
2023-07-29,The Virgin Suicides,1999,https://boxd.it/28JG
2023-07-31,Fresh,2022,https://boxd.it/tCNi
2023-07-31,Watcher,2022,https://boxd.it/uocO
2023-07-31,Poltergeist,1982,https://boxd.it/2a0o
2023-07-31,The Ring,2002,https://boxd.it/2a70
2023-07-31,Last Shift,2014,https://boxd.it/9nda
2023-07-31,Poltergeist,2015,https://boxd.it/79UK
2023-07-31,Harakiri,1962,https://boxd.it/1NTU
2023-08-03,Rosemary's Baby,1968,https://boxd.it/29zM
2023-08-07,Sunshine,2007,https://boxd.it/28Xy
2023-08-29,The Master,2012,https://boxd.it/2cBG
2023-09-04,The Last Days,2013,https://boxd.it/5cDe
2023-09-08,Orphan: First Kill,2022,https://boxd.it/sxZc
2023-09-16,Contagion,2011,https://boxd.it/13rq
2023-09-20,The House of the Devil,2009,https://boxd.it/1uIe
2023-09-20,Sleep Tight,2011,https://boxd.it/2GjC
2023-09-20,The Perfect Host,2010,https://boxd.it/8QI
2023-09-20,The Guest,2014,https://boxd.it/76RS
2023-09-20,Time Lapse,2014,https://boxd.it/8hCQ
2023-09-20,You're Next,2011,https://boxd.it/2WWK
2023-09-24,The Signal,2014,https://boxd.it/77hc
2023-09-25,Black Christmas,1974,https://boxd.it/1Js6
2023-09-25,Deep Red,1975,https://boxd.it/1E1E
2023-09-25,Hellraiser,2022,https://boxd.it/bg7S
2023-10-01,Okja,2017,https://boxd.it/dvXe
2023-10-02,Beau Is Afraid,2023,https://boxd.it/u2gE
2023-10-02,My Bloody Valentine,2009,https://boxd.it/1O6E
2023-10-02,Banshee Chapter,2013,https://boxd.it/6dJ0
2023-10-02,Candyman,1992,https://boxd.it/1Ys6
2023-10-02,Suspiria,2018,https://boxd.it/cioI
2023-10-03,Triangle of Sadness,2022,https://boxd.it/hXlq
2023-10-03,Kingdom of Heaven,2005,https://boxd.it/28Gs
2023-10-05,Drag Me to Hell,2009,https://boxd.it/1Jzw
2023-10-07,Children of the Corn,1984,https://boxd.it/1ViW
2023-10-07,The Boy,2016,https://boxd.it/apZi
2023-10-09,The Man Who Knew Infinity,2015,https://boxd.it/bTpm
2023-10-09,A Beautiful Mind,2001,https://boxd.it/2amk
2023-10-10,Braindead,1992,https://boxd.it/29Gy
2023-10-11,Doctor Sleep,2019,https://boxd.it/i5vI
2023-10-14,Friday the 13th Part 2,1981,https://boxd.it/1XXC
2023-10-22,Killers of the Flower Moon,2023,https://boxd.it/gHp0
2023-10-22,The Father,2020,https://boxd.it/m8Ie
2023-10-23,Freaky,2020,https://boxd.it/ka42
2023-10-23,The Invisible Man,2020,https://boxd.it/kWlA
2023-10-23,Intruders,2015,https://boxd.it/aZZy
2023-10-24,Skinamarink,2022,https://boxd.it/ByDO
2023-10-24,High Life,2018,https://boxd.it/d6bk
2023-10-24,Emma.,2020,https://boxd.it/kmg0
2023-10-25,The Revenant,2015,https://boxd.it/8H5e
2023-10-28,30 Days of Night,2007,https://boxd.it/24dw
2023-10-29,Noroi: The Curse,2005,https://boxd.it/1BN6
2023-10-30,Boo,2005,https://boxd.it/1DS8
2023-11-01,Babel,2006,https://boxd.it/292o
2023-11-01,The Curious Case of Benjamin Button,2008,https://boxd.it/23Fk
2023-11-04,Watchmen,2009,https://boxd.it/1QE4
2023-11-08,Sweet November,2001,https://boxd.it/27QQ
2023-11-09,Jojo Rabbit,2019,https://boxd.it/iEBG
2023-11-15,The Medium,2021,https://boxd.it/s0oi
2023-11-28,The Guardian,1990,https://boxd.it/1hRC
2023-12-11,8½,1963,https://boxd.it/2aqm
2023-12-11,Onibaba,1964,https://boxd.it/252a
2023-12-11,The Magician,1958,https://boxd.it/1nse
2023-12-11,The Red and the White,1967,https://boxd.it/xTM
2023-12-11,The Discreet Charm of the Bourgeoisie,1972,https://boxd.it/2440
2023-12-11,Fallen Angels,1995,https://boxd.it/1UkW
2023-12-11,"Girl, Interrupted",1999,https://boxd.it/25ds
2023-12-11,Summer of 84,2018,https://boxd.it/gQYe
2023-12-12,Raw,2016,https://boxd.it/dLd2
2023-12-13,The Celebration,1998,https://boxd.it/2aCM
2023-12-13,Wonka,2023,https://boxd.it/tCQm
2023-12-14,Better Days,2019,https://boxd.it/l9Ke
2023-12-14,Schindler's List,1993,https://boxd.it/2aq2
2023-12-15,"Comrades, Almost a Love Story",1996,https://boxd.it/18QU
2023-12-17,Shin Godzilla,2016,https://boxd.it/a9lm
2023-12-19,Eli,2019,https://boxd.it/hn4S
2023-12-20,Air,2023,https://boxd.it/Arlc
2023-12-20,Ferrari,2023,https://boxd.it/cEtq
2023-12-22,First Man,2018,https://boxd.it/cPym
2023-12-22,Babylon,2022,https://boxd.it/mM02
2023-12-25,Magnolia,1999,https://boxd.it/2aze
2023-12-27,Taurus,2022,https://boxd.it/vRcq
2023-12-27,The Dirt,2019,https://boxd.it/aGN4
2023-12-27,The Collector,1965,https://boxd.it/W8Q
2023-12-28,Snowpiercer,2013,https://boxd.it/3Icg
2023-12-29,Case 39,2009,https://boxd.it/1pMq
2023-12-29,Don't Look Up,2021,https://boxd.it/o0Hc
2023-12-29,No Hard Feelings,2023,https://boxd.it/xouu
2023-12-29,Enter the Void,2009,https://boxd.it/1dy2
2023-12-29,Primal Fear,1996,https://boxd.it/28ws
2024-01-02,The Martian,2015,https://boxd.it/8SeG
2024-01-05,Amnesia,2015,https://boxd.it/b6us
2024-01-08,Night Swim,2024,https://boxd.it/EyB0
2024-01-08,Promising Young Woman,2020,https://boxd.it/loRE
2024-01-13,The Lovely Bones,2009,https://boxd.it/20IA
2024-01-14,Darkness Falls,2003,https://boxd.it/1Vxs
2024-01-14,Amsterdam,2022,https://boxd.it/oJ58
2024-01-15,Audition,1999,https://boxd.it/1UHm
2024-01-15,Ginger Snaps,2000,https://boxd.it/1XEg
2024-01-15,The Devil's Backbone,2001,https://boxd.it/28Li
2024-01-15,The Orphanage,2007,https://boxd.it/2bfE
2024-01-15,Let Me In,2010,https://boxd.it/Zsa
2024-01-15,Sightseers,2012,https://boxd.it/3V4Y
2024-01-19,War of the Worlds,2005,https://boxd.it/2bde
2024-01-25,The Fallout,2021,https://boxd.it/tViI
2024-01-25,A Ghost Story,2017,https://boxd.it/fb0K
2024-01-28,Sicario,2015,https://boxd.it/8i7u
2024-01-29,The Man from Earth,2007,https://boxd.it/1Ql2
2024-01-30,Irreversible,2002,https://boxd.it/29as
2024-01-30,1408,2007,https://boxd.it/25Vu
2024-02-01,Mindcage,2022,https://boxd.it/DuoY
2024-02-02,The Holdovers,2023,https://boxd.it/vHza
2024-02-03,The Zone of Interest,2023,https://boxd.it/gJsA
2024-02-03,Hostiles,2017,https://boxd.it/dpiO
2024-02-07,Moonlight,2016,https://boxd.it/d6bE
2024-02-09,Casino Royale,2006,https://boxd.it/1alk
2024-02-09,Riders of Justice,2020,https://boxd.it/oHQc
2024-02-09,At Eternity's Gate,2018,https://boxd.it/hI40
2024-02-09,Pusher,1996,https://boxd.it/27wG
2024-02-09,Perfect Blue,1997,https://boxd.it/1W7A
2024-02-09,A Walk to Remember,2002,https://boxd.it/1WLq
2024-02-10,Collateral,2004,https://boxd.it/28F0
2024-02-10,The Stanford Prison Experiment,2015,https://boxd.it/9QQK
2024-02-14,Aftersun,2022,https://boxd.it/Arw0
2024-02-20,Persona,1966,https://boxd.it/29B4
2024-02-20,Apocalypse Now,1979,https://boxd.it/6ZS
2024-04-19,A Rainy Day in New York,2019,https://boxd.it/h2z6
2024-04-19,The Man Who Copied,2003,https://boxd.it/10Rg
2024-05-20,Everyday,2012,https://boxd.it/4azi
2024-05-21,Den of Thieves,2018,https://boxd.it/g17e
2024-05-23,The Big Short,2015,https://boxd.it/ajZw
2024-05-23,Us and Them,2018,https://boxd.it/ip3a
2024-05-25,They Live,1988,https://boxd.it/20lm
2024-05-25,The Girl with the Dragon Tattoo,2011,https://boxd.it/2Pa
2024-05-25,Dancer in the Dark,2000,https://boxd.it/71E
2024-05-26,The Strangers: Chapter 1,2024,https://boxd.it/CcEM
2024-05-26,Immaculate,2024,https://boxd.it/Douw
2024-05-26,The Strangers,2008,https://boxd.it/1VGY
2024-05-28,The Wailing,2016,https://boxd.it/9fLy
2024-05-28,MaXXXine,2024,https://boxd.it/CIM4
2024-05-28,The Place Beyond the Pines,2012,https://boxd.it/3mDu
2024-05-28,The Ides of March,2011,https://boxd.it/1WyG
2024-05-28,Half Nelson,2006,https://boxd.it/20Ng
2024-05-30,Little Miss Sunshine,2006,https://boxd.it/29EW
2024-05-31,I Saw the Devil,2010,https://boxd.it/FaK
2024-05-31,Unforgiven,1992,https://boxd.it/6Z4
2024-05-31,Spotlight,2015,https://boxd.it/a84k
2024-05-31,Infinity Pool,2023,https://boxd.it/oPSK
2024-06-05,The Aviator,2004,https://boxd.it/26BU
2024-07-08,Weathering with You,2019,https://boxd.it/kPxE
2024-07-14,The Gray Man,2022,https://boxd.it/rb7q
2024-07-14,Murder by Numbers,2002,https://boxd.it/1SQc
2024-07-22,The Omen,2006,https://boxd.it/29zC
2024-07-22,The Exorcism of Emily Rose,2005,https://boxd.it/200I
2024-07-23,Emergency,2022,https://boxd.it/uRui
2024-08-03,The Angels’ Melancholia,2009,https://boxd.it/4XmC
2024-08-07,The Accountant,2016,https://boxd.it/9EhI
2024-08-07,Portrait of a Lady on Fire,2019,https://boxd.it/jkPq
2024-08-07,2:37,2006,https://boxd.it/27i0
2024-08-07,Spirited Away,2001,https://boxd.it/2b4m
2024-08-08,Saint Maud,2019,https://boxd.it/l8QA
2024-08-08,The Vanishing,1988,https://boxd.it/1ZTW
2024-08-08,Pulse,2001,https://boxd.it/1s3y
2024-08-08,The Fourth Kind,2009,https://boxd.it/1zZY
2024-08-09,Battle Royale,2000,https://boxd.it/25zS
2024-08-10,The Life of David Gale,2003,https://boxd.it/1Tq0
2024-08-10,Nosferatu,1922,https://boxd.it/29TM
2024-08-12,Free Guy,2021,https://boxd.it/k8dm
2024-08-15,"Basic Sanitation, the Movie",2007,https://boxd.it/1oC
2024-08-15,The Watchers,2024,https://boxd.it/F6Rw
2024-08-16,It Happened One Night,1934,https://boxd.it/25Ng
2024-08-16,One Flew Over the Cuckoo's Nest,1975,https://boxd.it/2aeA
2024-08-16,Private Desert,2021,https://boxd.it/wkT4
2024-08-17,Road House,2024,https://boxd.it/cdzQ
2024-08-18,Blade Runner,1982,https://boxd.it/2bcA
2024-08-19,Black Mirror: Beyond the Sea,2023,https://boxd.it/H7QI
2024-08-20,Gravity,2013,https://boxd.it/GZY
2024-08-21,The Monster,2016,https://boxd.it/bjlo
2024-08-21,The Babysitter: Killer Queen,2020,https://boxd.it/n4VA
2024-08-25,Monkey Man,2024,https://boxd.it/kvsO
2024-09-05,District 9,2009,https://boxd.it/1Iik
2024-09-06,Ocean's Eight,2018,https://boxd.it/eaai
2024-09-06,The Idea of You,2024,https://boxd.it/vOW6
2024-09-18,The Green Mile,1999,https://boxd.it/2agG
2024-09-19,Black Mirror: Loch Henry,2023,https://boxd.it/H7Pg
2024-09-19,Black Mirror: Nosedive,2016,https://boxd.it/hK9G
2024-09-19,Suspiria,1977,https://boxd.it/1SNW
2024-09-19,House,1977,https://boxd.it/1vsm
2024-09-19,Dead Silence,2007,https://boxd.it/1OWK
2024-09-19,In the Mouth of Madness,1994,https://boxd.it/26vi
2024-09-20,Casino,1995,https://boxd.it/2ads
2024-09-20,The Fighter,2010,https://boxd.it/PP4
2024-09-20,Empire of the Sun,1987,https://boxd.it/1X4i
2024-09-21,Following,1998,https://boxd.it/1Tj4
2024-09-21,Jackie Brown,1997,https://boxd.it/2aVO
2024-10-02,The Omen,1976,https://boxd.it/29By
2024-10-11,Titane,2021,https://boxd.it/nlQC
2024-10-13,Man in Love,2021,https://boxd.it/u1t8
2024-10-15,Brazil,1985,https://boxd.it/2be2
2024-10-15,All of Us Strangers,2023,https://boxd.it/Bz3C
2024-10-16,Federer: Twelve Final Days,2024,https://boxd.it/LsNe
2024-10-25,This Film Is Not Yet Rated,2006,https://boxd.it/1KTs
2024-10-26,The Hate U Give,2018,https://boxd.it/gQyg
2024-10-26,Clouds,2020,https://boxd.it/nmI0
2024-10-28,Birdman or (The Unexpected Virtue of Ignorance),2014,https://boxd.it/5RFA
2024-10-29,Moneyball,2011,https://boxd.it/glS
2024-10-31,Frozen II,2019,https://boxd.it/aPvo
2024-10-31,Skyfall,2012,https://boxd.it/17Fc
2024-10-31,The Battle at Lake Changjin,2021,https://boxd.it/thB6
2024-10-31,Spectre,2015,https://boxd.it/6bXY
2024-10-31,Independence Day,1996,https://boxd.it/2a1w
2024-10-31,Do the Right Thing,1989,https://boxd.it/29gA
2024-10-31,Malcolm X,1992,https://boxd.it/27WE
2024-11-01,The Cremator,1969,https://boxd.it/1H8y
2024-11-01,Cabin Fever,2002,https://boxd.it/1TAu
2024-11-02,Small Things Like These,2024,https://boxd.it/FHIm
2024-11-10,Central Station,1998,https://boxd.it/29RG
2024-11-13,The Given Word,1962,https://boxd.it/h6Y
2024-12-09,The Banshees of Inisherin,2022,https://boxd.it/p7XS
2024-12-10,Lost Highway,1997,https://boxd.it/29Wc
2024-12-16,Before Midnight,2013,https://boxd.it/4ive
2024-12-17,Clown,2014,https://boxd.it/3LJ8
2024-12-17,Goodnight Mommy,2014,https://boxd.it/8Niy
2024-12-18,13 Sins,2014,https://boxd.it/4Ste
2024-12-28,Araby,2017,https://boxd.it/fpKs
2024-12-28,Carandiru,2003,https://boxd.it/209g
2024-12-29,Beetlejuice Beetlejuice,2024,https://boxd.it/yyGs
2024-12-29,Creed II,2018,https://boxd.it/hgl8
2024-12-29,All the Bright Places,2020,https://boxd.it/bpfQ
2024-12-30,Friendly Beast,2017,https://boxd.it/gvzC
2024-12-30,Haru,1996,https://boxd.it/7Lo8
2025-01-02,Nights and Weekends,2008,https://boxd.it/J2A
2025-01-03,The King,2019,https://boxd.it/ieZs
2025-01-04,Trainspotting,1996,https://boxd.it/29XY
2025-01-05,Love & Other Drugs,2010,https://boxd.it/UIi
2025-01-06,Yesterday,2019,https://boxd.it/iF7M
2025-01-06,The Great Gatsby,2013,https://boxd.it/JY
2025-01-06,Natural Born Killers,1994,https://boxd.it/2aNg
2025-01-06,Playing,2007,https://boxd.it/33Oe
2025-01-08,Dracula,1931,https://boxd.it/2b34
2025-01-10,American History X,1998,https://boxd.it/2bdo
2025-01-12,Network,1976,https://boxd.it/1VqG
2025-01-12,Serpico,1973,https://boxd.it/1ZjE
2025-01-12,Before the Devil Knows You're Dead,2007,https://boxd.it/20Jy
2025-01-13,Four Days in September,1997,https://boxd.it/1Cd4
2025-01-16,Nostalgia,1983,https://boxd.it/28Qi
2025-01-16,The Sacrifice,1986,https://boxd.it/1xg8
2025-01-18,Cinema Paradiso,1988,https://boxd.it/1UlA
2025-01-19,"Love, Rosie",2014,https://boxd.it/62hE
2025-01-19,A Room with a View,1986,https://boxd.it/1UfC
2025-01-19,27 Dresses,2008,https://boxd.it/21x4
2025-01-19,Wild Child,2008,https://boxd.it/1P0C
2025-01-19,Andrei Rublev,1966,https://boxd.it/29lg
2025-01-19,Stranger Than Paradise,1984,https://boxd.it/2ajU
2025-01-25,Knives Out,2019,https://boxd.it/jWEA
2025-01-31,Brokeback Mountain,2005,https://boxd.it/2b2q
2025-02-10,Looper,2012,https://boxd.it/ham
2025-02-12,Cry_Wolf,2005,https://boxd.it/1X6S
2025-02-12,Seven Samurai,1954,https://boxd.it/2axi
2025-02-12,Black Mirror: USS Callister,2017,https://boxd.it/hQXi
2025-02-12,Black Mirror: Playtest,2016,https://boxd.it/hRR6
2025-02-12,Black Mirror: Hated in the Nation,2016,https://boxd.it/hSBI
2025-02-12,Ikiru,1952,https://boxd.it/251c
2025-02-12,Ran,1985,https://boxd.it/1Tlu
2025-02-14,The Apprentice,2024,https://boxd.it/IPqG
2025-02-16,Wild Strawberries,1957,https://boxd.it/29ZU
2025-02-17,Kwaidan,1964,https://boxd.it/1kbY
2025-02-17,"The Good, the Bad and the Ugly",1966,https://boxd.it/2ape
2025-02-17,Life Is Beautiful,1997,https://boxd.it/29Wm
2025-02-17,The Deer Hunter,1978,https://boxd.it/1T6O
2025-02-21,The Gorge,2025,https://boxd.it/zRqK
2025-02-21,Training Day,2001,https://boxd.it/27A4
2025-02-21,The Tragedy of Macbeth,2021,https://boxd.it/lMi4
2025-02-23,How to Make Millions Before Grandma Dies,2024,https://boxd.it/FLa4
2025-02-26,No Other Land,2024,https://boxd.it/KOTG
2025-02-26,Memoir of a Snail,2024,https://boxd.it/EgX8
2025-03-05,Oddity,2024,https://boxd.it/K9pg
2025-03-10,Big World,2024,https://boxd.it/MKSS
2025-03-24,Under the Silver Lake,2018,https://boxd.it/dSAs
2025-03-24,Marrowbone,2017,https://boxd.it/dZVC
2025-04-28,Remember Me,2010,https://boxd.it/1zyI
2025-04-28,Who Am I,2014,https://boxd.it/8ND2
2025-05-03,L'Avventura,1960,https://boxd.it/23hs
2025-05-07,Phenomenon,1996,https://boxd.it/1Z2I
2025-05-19,Final Destination 3,2006,https://boxd.it/1Z40
2025-05-20,Two Prosecutors,2025,https://boxd.it/LTvG
2025-05-20,Sound of Falling,2025,https://boxd.it/Km9K
2025-05-22,Grounded II: Making The Last of Us Part II,2024,https://boxd.it/KIge
2025-06-10,Wind River,2017,https://boxd.it/dR3i
2025-06-10,The Phoenician Scheme,2025,https://boxd.it/H0Ca
2025-06-14,Dear Zachary: A Letter to a Son About His Father,2008,https://boxd.it/1LW8
2025-06-19,Close,2022,https://boxd.it/y4qa
2025-06-21,The Secret in Their Eyes,2009,https://boxd.it/1vWw
2025-06-26,Untitled James Bond Film,,https://boxd.it/IWkK
2025-06-29,"Snoopy, Come Home",1972,https://boxd.it/1MA8
2025-06-30,Dìdi (弟弟),2024,https://boxd.it/HQOW
2025-06-30,The Poughkeepsie Tapes,2007,https://boxd.it/162y
2025-06-30,The Coffee Table,2022,https://boxd.it/DY2e
2025-06-30,Days of Being Wild,1990,https://boxd.it/1HbC
2025-06-30,Drive My Car,2021,https://boxd.it/sv94
2025-07-02,The Irishman,2019,https://boxd.it/dYOq
2025-07-02,Raging Bull,1980,https://boxd.it/28yI
2025-07-04,Sympathy for Mr. Vengeance,2002,https://boxd.it/23WU
2025-07-04,Lady Vengeance,2005,https://boxd.it/248G
2025-07-04,The Human Condition III: A Soldier's Prayer,1961,https://boxd.it/1dIQ
2025-07-04,The Face of Another,1966,https://boxd.it/1nso
2025-07-04,Rain Man,1988,https://boxd.it/2avw
2025-07-09,After Hours,1985,https://boxd.it/1VfS
2025-07-11,A Short Film About Love,1988,https://boxd.it/1jXC
2025-07-11,Three Colours: Blue,1993,https://boxd.it/2b7K
2025-07-11,Three Colours: Red,1994,https://boxd.it/2b7q
2025-07-11,Three Colours: White,1994,https://boxd.it/2b7A
2025-07-12,The Holy Mountain,1973,https://boxd.it/20mu
2025-07-15,Together,2025,https://boxd.it/LdFE
2025-07-16,Lost in Translation,2003,https://boxd.it/2b0E
2025-07-18,Molly's Game,2017,https://boxd.it/dSl8
2025-07-18,Cape Fear,1991,https://boxd.it/28vu
2025-07-19,Everybody’s Everything,2019,https://boxd.it/lbeu
2025-07-19,Eddington,2025,https://boxd.it/o6MC
2025-07-20,The ABCs of Death,2012,https://boxd.it/35HY
2025-07-22,Nobody Knows,2004,https://boxd.it/26E0
2025-07-22,Midnight in Paris,2011,https://boxd.it/i4a
2025-07-23,Apocalypse in the Tropics,2024,https://boxd.it/Oo12
2025-07-23,The Darjeeling Limited,2007,https://boxd.it/24as
2025-07-23,1917,2019,https://boxd.it/jj4y
2025-07-23,Demolition,2015,https://boxd.it/9GuY
2025-07-24,Clayface,2026,https://boxd.it/RTVm
2025-07-25,Don't Worry Darling,2022,https://boxd.it/mViu
2025-07-27,About a Boy,2002,https://boxd.it/2aMC
2025-08-07,Red Eye,2005,https://boxd.it/1TNy
2025-08-07,In Time,2011,https://boxd.it/FPS
2025-08-07,The Station Agent,2003,https://boxd.it/27xu
2025-08-09,Mr. & Mrs. Smith,2005,https://boxd.it/29CG
2025-08-09,Isle of Dogs,2018,https://boxd.it/dZrW
2025-08-11,Swamp Thing,,https://boxd.it/ESzy
2025-08-13,Resident Evil,2026,https://boxd.it/SEXE
2025-08-19,Dynamic Duo,2028,https://boxd.it/Qy08
2025-08-21,Mr. Brooks,2007,https://boxd.it/25nW
2025-08-21,Perfume: The Story of a Murderer,2006,https://boxd.it/28LW
2025-08-22,Tape,2001,https://boxd.it/1yCu
2025-08-24,The Killing,1956,https://boxd.it/2aMi
2025-08-24,Paths of Glory,1957,https://boxd.it/29b6
2025-08-24,Spartacus,1960,https://boxd.it/29bq
2025-08-28,Nobody 2,2025,https://boxd.it/C5Lc
2025-08-28,Silence,2016,https://boxd.it/2cAo
2025-08-28,Anatomy of a Murder,1959,https://boxd.it/2baa
2025-08-29,Angels & Demons,2009,https://boxd.it/1Q9K
2025-08-30,Room 237,2012,https://boxd.it/2Y46
2025-08-31,2000 Meters to Andriivka,2025,https://boxd.it/RSH4
2025-08-31,Ordinary People,1980,https://boxd.it/1JTm
2025-09-01,Love Exposure,2008,https://boxd.it/1pDe
2025-09-01,Cold Fish,2010,https://boxd.it/2dxK
2025-09-01,Guilty of Romance,2011,https://boxd.it/2OAQ
2025-09-02,Dune: Part Three,2026,https://boxd.it/ImWe
2025-09-02,Once Upon a Time in the West,1968,https://boxd.it/2az4
2025-09-02,The Conjuring: Last Rites,2025,https://boxd.it/Dh8e
2025-09-02,Oliver Twist,1948,https://boxd.it/1V0e
2025-09-03,Werckmeister Harmonies,2000,https://boxd.it/1zzw
2025-09-03,The Testament of Ann Lee,2025,https://boxd.it/RTTU
2025-09-03,Ivan's Childhood,1962,https://boxd.it/1j6y
2025-09-04,Man of Tomorrow,2027,https://boxd.it/WFRU
2025-09-04,Supergirl,2026,https://boxd.it/ESyU
2025-09-04,Eyes Without a Face,1960,https://boxd.it/1j9i
2025-09-07,The Human Condition I: No Greater Love,1959,https://boxd.it/1jAy
2025-09-11,Last Days,2005,https://boxd.it/28lY
2025-09-11,Gone with the Wind,1939,https://boxd.it/29Fq
2025-09-11,Ben-Hur,1959,https://boxd.it/29RQ
2025-09-13,Léon: The Professional,1994,https://boxd.it/2b8S
2025-09-16,The Road,2009,https://boxd.it/1CWI
2025-09-19,Crash,1996,https://boxd.it/29n2
2025-09-20,Live Flesh,1997,https://boxd.it/2aJ4
2025-09-20,The Red Light Bandit,1968,https://boxd.it/5ESQ
2025-09-21,Paprika,2006,https://boxd.it/23wW
2025-09-24,Batman: Gotham Knight,2008,https://boxd.it/1Phy
2025-09-25,Fargo,1996,https://boxd.it/2aHM
2025-09-26,A Brighter Summer Day,1991,https://boxd.it/1Luy
2025-09-26,Taipei Story,1985,https://boxd.it/3BkC
2025-09-29,Carrie,1976,https://boxd.it/20ZQ
2025-09-29,Bram Stoker's Dracula,1992,https://boxd.it/223a
2025-09-29,I Know What You Did Last Summer,1997,https://boxd.it/2588
2025-09-29,Hannibal,2001,https://boxd.it/1XVc
2025-09-29,Predators,2010,https://boxd.it/1d9m
2025-09-29,The Human Centipede 3 (Final Sequence),2015,https://boxd.it/3hRc
2025-09-29,The Social Reckoning,2026,https://boxd.it/MRPQ
2025-10-01,Cannibal Holocaust,1980,https://boxd.it/1ZWQ
2025-10-03,Possession,1981,https://boxd.it/1BPm
2025-10-03,The Man Who Knew Too Much,1956,https://boxd.it/2a5S
2025-10-03,The Night of the Hunter,1955,https://boxd.it/25HW
2025-10-03,The Untouchables,1987,https://boxd.it/2b6i
2025-10-04,Cobain: Montage of Heck,2015,https://boxd.it/akuY
2025-10-05,Warm Bodies,2013,https://boxd.it/2TFm
2025-10-05,Bones and All,2022,https://boxd.it/tLd4
2025-10-05,Ghostbusters,1984,https://boxd.it/g2w
2025-10-05,Beetlejuice,1988,https://boxd.it/24QI
2025-10-05,Final Destination Bloodlines,2025,https://boxd.it/l5y4
2025-10-06,Biutiful,2010,https://boxd.it/OiI
2025-10-07,Untitled The Batman Sequel,2027,https://boxd.it/umDy
2025-10-07,Now You See Me: Now You Don't,2025,https://boxd.it/f3i2
2025-10-07,They Follow,,https://boxd.it/Js9u
2025-10-08,Cure,1997,https://boxd.it/1blA
2025-10-11,The Man Who Sleeps,1974,https://boxd.it/3xwE
2025-10-11,It's Such a Beautiful Day,2012,https://boxd.it/hCY2
2025-10-12,Carry-On,2024,https://boxd.it/C0B2
2025-10-13,End of Watch,2012,https://boxd.it/2F5O
2025-10-13,Lawrence of Arabia,1962,https://boxd.it/2wRE
2025-10-16,The Wave,2008,https://boxd.it/20OS
2025-10-16,Inland Empire,2006,https://boxd.it/28d6
2025-10-16,Rabbits,2002,https://boxd.it/SaI
2025-10-17,Let the Right One In,2008,https://boxd.it/1Qr0
2025-10-18,Swing Girls,2004,https://boxd.it/1ag0
2025-10-20,Night of the Living Dead,1968,https://boxd.it/1WwA
2025-10-20,Black Phone 2,2025,https://boxd.it/JpbW
2025-10-21,Under the Skin,2013,https://boxd.it/3mDa
2025-10-27,The Pink Panther,2006,https://boxd.it/1Sys
2025-11-03,Aquarius,2016,https://boxd.it/d6YQ
2025-11-03,Life of Brian,1979,https://boxd.it/2a4q
2025-11-03,Monty Python and the Holy Grail,1975,https://boxd.it/29GI
2025-11-03,The Girl with the Needle,2024,https://boxd.it/KQ3M
2025-11-03,Batman: Gotham by Gaslight,2018,https://boxd.it/gU7e
2025-11-04,Twenty Years Later,1984,https://boxd.it/33Oo
2025-11-11,No Half Measures: Creating the Final Season of Breaking Bad,2013,https://boxd.it/72Yg
2025-11-12,Prey,2022,https://boxd.it/sNBU
2025-11-12,Atonement,2007,https://boxd.it/24ui
2025-11-15,Howl's Moving Castle,2004,https://boxd.it/23De
2025-11-21,Shutter,2004,https://boxd.it/1JbY
2025-11-23,Carlito's Way,1993,https://boxd.it/226e
2025-11-23,A Time to Kill,1996,https://boxd.it/28pc
2025-11-23,Slumdog Millionaire,2008,https://boxd.it/1S3E
2025-11-24,Once,2007,https://boxd.it/22GG
2025-11-24,Phantom Thread,2017,https://boxd.it/e4uc
2025-11-26,Das Boot,1981,https://boxd.it/2av2
2025-12-04,The Naked Gun,2025,https://boxd.it/Da9k
2025-12-05,Measuring the World,2012,https://boxd.it/3PWU
2025-12-08,Black Hawk Down,2001,https://boxd.it/29rI
2025-12-10,The Fifth Power,1962,https://boxd.it/7iG8
2025-12-12,Mystic River,2003,https://boxd.it/2aAG
2025-12-16,Blue Moon,2025,https://boxd.it/Nzwy
2025-12-17,This Is Not a Film,2011,https://boxd.it/2W4o
2025-12-25,Satantango,1994,https://boxd.it/1j9M
2025-12-27,Murder on the Orient Express,1974,https://boxd.it/24IY
2025-12-29,Nuremberg,2025,https://boxd.it/K6qU
2025-12-29,The Adventures of Cliff Booth,,https://boxd.it/TZdY
2025-12-29,Ratcatcher,1999,https://boxd.it/1mSg
2025-12-30,Street Kings,2008,https://boxd.it/28Yw
2025-12-31,Thief,1981,https://boxd.it/1TEc
2026-01-02,Nouvelle Vague,2025,https://boxd.it/LLLQ
2026-01-02,Polaris,,https://boxd.it/vMS2
2026-01-03,"Master, a Building in Copacabana",2002,https://boxd.it/gJK
2026-01-03,"Black God, White Devil",1964,https://boxd.it/2fmY
2026-01-05,Thank You for Smoking,2005,https://boxd.it/1YOc
2026-01-05,Sully,2016,https://boxd.it/cD8Q
2026-01-05,Deep End,1970,https://boxd.it/i8m
2026-01-05,The Drama,2026,https://boxd.it/OA2w
2026-01-06,The Last Temptation of Christ,1988,https://boxd.it/1ULe
2026-01-06,Barren Lives,1963,https://boxd.it/29uM
2026-01-06,Bacurau,2019,https://boxd.it/fSUG
2026-01-08,If I Had Legs I'd Kick You,2025,https://boxd.it/HUtS
2026-01-08,A Dark Song,2016,https://boxd.it/epo0
2026-01-08,CODA,2021,https://boxd.it/tbf4
2026-01-08,Licorice Pizza,2021,https://boxd.it/qTKY
2026-01-08,All Quiet on the Western Front,2022,https://boxd.it/H08
2026-01-08,Nomadland,2020,https://boxd.it/lnRy
2026-01-08,Dune,1984,https://boxd.it/29tY
2026-01-08,The Double Life of Véronique,1991,https://boxd.it/28va
2026-01-09,The Fifth Seal,1976,https://boxd.it/2GNW
2026-01-09,Eureka,2000,https://boxd.it/16TC
2026-01-09,Le Trou,1960,https://boxd.it/1nSw
2026-01-10,eXistenZ,1999,https://boxd.it/27Ni
2026-01-12,Estômago: A Gastronomic Story,2007,https://boxd.it/2hnO
2026-01-13,Same Old West,2024,https://boxd.it/OapE
2026-01-13,The Ax,2005,https://boxd.it/1ebo
2026-01-14,Henry: Portrait of a Serial Killer,1986,https://boxd.it/1VCM
2026-01-15,The Idiots,1998,https://boxd.it/2amu
2026-01-16,Chinatown,1974,https://boxd.it/29vU
2026-01-19,The Rip,2026,https://boxd.it/NP5y
2026-01-20,The Cabinet of Dr. Caligari,1920,https://boxd.it/2aOo
2026-01-21,All About Lily Chou-Chou,2001,https://boxd.it/1JP0
2026-01-22,This Night I'll Possess Your Corpse,1967,https://boxd.it/1kj4
2026-01-22,Rosebush Pruning,2026,https://boxd.it/GL2m
2026-01-22,Futuro Beach,2014,https://boxd.it/6Jcs
2026-01-22,Invisible Life,2019,https://boxd.it/k1JU
2026-01-22,The Piano Teacher,2001,https://boxd.it/2886
2026-01-23,Return to Silent Hill,2026,https://boxd.it/po3C
2026-01-23,Bicycle Thieves,1948,https://boxd.it/23hW
2026-01-23,The Godfather Part III,1990,https://boxd.it/2aN6
2026-01-23,The Passion of Joan of Arc,1928,https://boxd.it/29DO
2026-01-25,Jay Kelly,2025,https://boxd.it/EsWw
2026-01-25,The Color of Pomegranates,1969,https://boxd.it/1u94
2026-01-26,The Blue Trail,2025,https://boxd.it/IrKi
2026-01-26,"Oslo, August 31st",2011,https://boxd.it/2xQC
2026-01-26,Spider-Man: Across the Spider-Verse,2023,https://boxd.it/kSz4
2026-01-26,The Fabelmans,2022,https://boxd.it/ugoM
2026-01-26,The Power of the Dog,2021,https://boxd.it/m99E
2026-01-27,Send Help,2026,https://boxd.it/JuhA
2026-01-27,It's a Wonderful Life,1946,https://boxd.it/28xA
2026-01-27,Dial M for Murder,1954,https://boxd.it/2adW
2026-01-27,Sunrise: A Song of Two Humans,1927,https://boxd.it/29Xk
2026-01-27,Dead Man's Letters,1986,https://boxd.it/2wKy
2026-01-27,Ghost in the Shell,1995,https://boxd.it/1YYc
2026-01-27,A Visitor to a Museum,1989,https://boxd.it/2wKe
2026-01-27,RoboCop,1987,https://boxd.it/22Wu
2026-01-27,Videodrome,1983,https://boxd.it/29uC
2026-01-27,Excitation,1977,https://boxd.it/5SPG
2026-01-27,Grand Illusion,1937,https://boxd.it/29Ei
2026-01-27,The Rules of the Game,1939,https://boxd.it/29Es
2026-01-27,Children of Paradise,1945,https://boxd.it/26H4
2026-01-27,Tokyo Story,1953,https://boxd.it/1HuY
2026-01-27,Death by Hanging,1968,https://boxd.it/3nPm
2026-01-27,Kings of the Road,1976,https://boxd.it/1Vhk
2026-01-27,Wings of Desire,1987,https://boxd.it/2b26
2026-01-27,The American Friend,1977,https://boxd.it/1UkC
2026-01-27,Breathless,1960,https://boxd.it/2aIK
2026-01-27,Band of Outsiders,1964,https://boxd.it/20Aw
2026-01-27,Weekend,1967,https://boxd.it/20Ac
2026-01-27,Shoot the Piano Player,1960,https://boxd.it/285w
2026-01-28,"Paris, Texas",1984,https://boxd.it/29Ts
2026-01-28,Argentina 1985,2022,https://boxd.it/qLxM
2026-01-28,Manchester by the Sea,2016,https://boxd.it/b2L0
2026-01-28,Green Book,2018,https://boxd.it/hErk
2026-01-29,28 Years Later Part 3,,https://boxd.it/MvzG
2026-01-29,Bleeder,1999,https://boxd.it/1HKs
2026-01-30,Hamlet,1948,https://boxd.it/1ziq
2026-01-30,North by Northwest,1959,https://boxd.it/2aRM
2026-01-30,To Catch a Thief,1955,https://boxd.it/2avm
2026-01-30,High Noon,1952,https://boxd.it/2aGa
2026-01-31,Casablanca,1942,https://boxd.it/2aG0
2026-01-31,Manas,2024,https://boxd.it/LPz0
2026-01-31,The Awakener,2018,https://boxd.it/ij34
2026-02-01,Ford v Ferrari,2019,https://boxd.it/ce74
2026-02-01,Citizen Kane,1941,https://boxd.it/71O
2026-02-02,"Salò, or the 120 Days of Sodom",1975,https://boxd.it/237s
2026-02-04,Jane B. by Agnès V.,1988,https://boxd.it/xxw
2026-02-04,Obsession,2025,https://boxd.it/PNqo
2026-02-05,Beware the Slenderman,2016,https://boxd.it/d4Yk
2026-02-05,The Housemaid's Secret,,https://boxd.it/105Xg
2026-02-06,The Ascent,1977,https://boxd.it/Eew
2026-02-06,Tales of Halloween,2015,https://boxd.it/9OWw
2026-02-06,The Odyssey,2026,https://boxd.it/QFQU
2026-02-06,M,1931,https://boxd.it/29vq
2026-02-06,The Third Man,1949,https://boxd.it/294E
2026-02-06,Blow Out,1981,https://boxd.it/1TlE
2026-02-06,Dreams,1990,https://boxd.it/1ROu
2026-02-07,Heretic,2024,https://boxd.it/H1lY
2026-02-08,"Life, and Nothing More…",1992,https://boxd.it/2WEc
2026-02-09,The Devil Wears Prada,2006,https://boxd.it/2awE
2026-02-10,The Muppet Show,2026,https://boxd.it/XGno
2026-02-11,Breaking the Waves,1996,https://boxd.it/2b1W
2026-02-11,Tarot,2024,https://boxd.it/qWMy
2026-02-11,The Great Escape,1963,https://boxd.it/22kA
2026-02-11,"O Brother, Where Art Thou?",2000,https://boxd.it/2b3I
2026-02-11,Backrooms,2026,https://boxd.it/EY6W
2026-02-11,The Summer I Turned Pretty: The Movie,,https://boxd.it/XGiS
2026-02-12,Assault on Precinct 13,1976,https://boxd.it/1I2c
2026-02-13,Big Trouble in Little China,1986,https://boxd.it/21em
2026-02-13,The Iron Giant,1999,https://boxd.it/1Wow
2026-02-13,Entranced Earth,1967,https://boxd.it/qkU
2026-02-16,Ghost Stories,2017,https://boxd.it/fdA6
2026-02-17,The Straight Story,1999,https://boxd.it/2ass
2026-02-17,Rose,2026,https://boxd.it/ICFo
2026-02-18,Sherlock Jr.,1924,https://boxd.it/298m
2026-02-19,Amadeus,1984,https://boxd.it/2aH8
2026-02-19,Ferris Bueller's Day Off,1986,https://boxd.it/1YPY
2026-02-19,Zootopia 2,2025,https://boxd.it/F0vO
2026-02-19,Nirvanna the Band the Show the Movie,2025,https://boxd.it/HG9a
2026-02-20,The Conversation,1974,https://boxd.it/2a38
2026-02-20,The Apartment,1960,https://boxd.it/2aGE
2026-02-23,Wonka 2,,https://boxd.it/RiBE
2026-02-24,Phantom of the Paradise,1974,https://boxd.it/1s34
2026-02-24,Remain,2027,https://boxd.it/SKze
2026-02-25,Sunset Boulevard,1950,https://boxd.it/2a20
2026-02-25,La Dolce Vita,1960,https://boxd.it/2anC
2026-02-25,Nights of Cabiria,1957,https://boxd.it/1F7e
2026-02-25,La Strada,1954,https://boxd.it/2asi
2026-02-25,Amarcord,1973,https://boxd.it/20NA
2026-02-25,Monsieur Hulot's Holiday,1953,https://boxd.it/29E8
2026-02-25,Heat 2,,https://boxd.it/DErS
2026-02-25,Dead of Winter,2025,https://boxd.it/KWIw
2026-02-26,"São Paulo, Incorporated",1965,https://boxd.it/2BaA
2026-02-26,Pixote,1980,https://boxd.it/XCs
2026-02-26,The Second Mother,2015,https://boxd.it/9Ydm
2026-02-26,First Reformed,2017,https://boxd.it/go9C
2026-02-26,Winter Light,1963,https://boxd.it/1nrU
2026-02-27,Neighboring Sounds,2012,https://boxd.it/3nzS
2026-02-27,The Verdict,1982,https://boxd.it/1y3Y
2026-02-27,Running on Empty,1988,https://boxd.it/1How
2026-02-27,Fail Safe,1964,https://boxd.it/2afS
2026-02-28,Hot Fuzz,2007,https://boxd.it/2416
2026-03-06,Pirates of Silicon Valley,1999,https://boxd.it/25vm
2026-03-06,Steve Jobs,2015,https://boxd.it/araG
2026-03-07,The Motorcycle Diaries,2004,https://boxd.it/28nU
2026-03-08,Movie Dementia,1986,https://boxd.it/5bH0
2026-03-08,The Secret Life of Walter Mitty,2013,https://boxd.it/3SWy
2026-03-09,Hoppers,2026,https://boxd.it/OFpg
2026-03-11,A Nos Amours,1983,https://boxd.it/271I
2026-03-14,undertone,2025,https://boxd.it/UXeM
2026-03-15,Peaky Blinders: The Immortal Man,2026,https://boxd.it/x3yq
2026-03-15,The Insider,1999,https://boxd.it/1ZoE
2026-03-15,Cosmos,2014,https://boxd.it/J34E
2026-03-16,Digger,2026,https://boxd.it/LwDC
2026-03-16,Toni Erdmann,2016,https://boxd.it/d0xu
2026-03-16,A Bronx Tale,1993,https://boxd.it/28uQ
2026-03-17,Wild Horse Nine,2026,https://boxd.it/xG0M
2026-03-17,Fjord,2026,https://boxd.it/RVja
